Model,Precision,Recall,F1-Score,ROC-AUC
Naive (All Legitimate),0.0,0.0,0.0,0.5
LR Baseline (Scaler→SMOTE→LR),0.4,0.9411764705882353,0.5614035087719298,0.9981203339795299
LR Tuned (GridSearchCV),0.25,0.9411764705882353,0.3950617283950617,0.9977078680816212
RF Baseline (SMOTE→RF),0.8461538461538461,0.6470588235294118,0.7333333333333333,0.9975723435723082
RF Tuned (GridSearchCV),1.0,0.47058823529411764,0.64,0.9976666214918303
